{
  "submission": "deep_backoff_kn",
  "training_energy_J": 962.9188647999999,
  "training_duration_s": 291.568102704,
  "cpu_energy_J": 12338.053218035013,
  "total_energy_J": 14578.4051352,
  "val_char_accuracy": 0.7184166666666667,
  "val_chars": 60000,
  "gpu_name": "NVIDIA A100 80GB PCIe",
  "date_utc": "2026-05-21T05:09:09Z",
  "_nvml": {
    "nvml_available": true,
    "energy_counter_supported": true,
    "monotonic": true,
    "idle_watts": 52.31990000000003,
    "stress_watts_avg": 231.05724561444927,
    "stress_energy_joules": 8643.325,
    "stress_duration_s": 37.407721091,
    "gpu_name": "NVIDIA A100 80GB PCIe",
    "notes": []
  },
  "contributor": "@gabrielnan"
}
