{
  "submission": "paq_mixer_v3",
  "training_energy_J": 3582.3155354,
  "training_duration_s": 122.294609292,
  "cpu_energy_J": 5167.742507545003,
  "total_energy_J": 8750.058042945002,
  "val_char_accuracy": 0.70475,
  "val_chars": 60000,
  "gpu_name": "NVIDIA A100-SXM4-80GB",
  "date_utc": "2026-05-20T07:12:19Z",
  "_nvml": {
    "nvml_available": true,
    "energy_counter_supported": true,
    "monotonic": true,
    "idle_watts": 66.40836666666658,
    "stress_watts_avg": 345.33368906733165,
    "stress_energy_joules": 13068.953,
    "stress_duration_s": 37.84441951,
    "gpu_name": "NVIDIA A100-SXM4-80GB",
    "notes": []
  },
  "contributor": "@worker-paq-mixer"
}
