{
  "submission": "paq_mixer_v3",
  "training_energy_J": 2025.8517184500006,
  "training_duration_s": 73.229865631,
  "cpu_energy_J": 3090.425176632502,
  "total_energy_J": 5116.276895082503,
  "val_char_accuracy": 0.70475,
  "val_chars": 60000,
  "gpu_name": "NVIDIA A100-SXM4-80GB",
  "date_utc": "2026-05-28T15:30:08Z",
  "_nvml": {
    "nvml_available": true,
    "energy_counter_supported": true,
    "monotonic": true,
    "idle_watts": 60.747449999999986,
    "stress_watts_avg": 320.5648539758676,
    "stress_energy_joules": 13108.166,
    "stress_duration_s": 40.890839521,
    "gpu_name": "NVIDIA A100-SXM4-80GB",
    "notes": []
  },
  "contributor": "@gabrielnan"
}
