{
  "submission": "modded_nanogpt",
  "training_energy_J": 51728.92952335,
  "training_duration_s": 242.66790953299997,
  "cpu_energy_J": 10276.997479117497,
  "total_energy_J": 62005.9270024675,
  "val_char_accuracy": 0.7336833333333334,
  "val_chars": 60000,
  "gpu_name": "NVIDIA A100-SXM4-80GB",
  "date_utc": "2026-05-21T05:31:57Z",
  "_nvml": {
    "nvml_available": true,
    "energy_counter_supported": true,
    "monotonic": true,
    "idle_watts": 62.52783050847465,
    "stress_watts_avg": 350.16403334081195,
    "stress_energy_joules": 13179.464,
    "stress_duration_s": 37.637971765,
    "gpu_name": "NVIDIA A100-SXM4-80GB",
    "notes": []
  },
  "contributor": "@ab-10"
}
