{
  "submission": "gpu_ngram_w31_k11",
  "training_energy_J": 1612.2052069500003,
  "training_duration_s": 34.944975860999996,
  "cpu_energy_J": 1479.7634497275012,
  "total_energy_J": 3091.9686566775017,
  "val_char_accuracy": 0.7050333333333333,
  "val_chars": 60000,
  "gpu_name": "NVIDIA A100 80GB PCIe",
  "date_utc": "2026-05-21T05:04:49Z",
  "_nvml": {
    "nvml_available": true,
    "energy_counter_supported": true,
    "monotonic": true,
    "idle_watts": 55.01793220338981,
    "stress_watts_avg": 230.13301547418834,
    "stress_energy_joules": 8413.972,
    "stress_duration_s": 36.561342503000006,
    "gpu_name": "NVIDIA A100 80GB PCIe",
    "notes": []
  },
  "contributor": "@gabrielnan"
}
