{
  "submission": "gpu_ngram_w31_k11",
  "training_energy_J": 2039.896516700001,
  "training_duration_s": 75.00664966599999,
  "cpu_energy_J": 3174.2460233124975,
  "total_energy_J": 5214.142540012499,
  "val_char_accuracy": 0.7050333333333333,
  "val_chars": 60000,
  "gpu_name": "NVIDIA A100-SXM4-80GB",
  "date_utc": "2026-05-28T15:27:11Z",
  "_nvml": {
    "nvml_available": true,
    "energy_counter_supported": true,
    "monotonic": true,
    "idle_watts": 60.91847457627121,
    "stress_watts_avg": 317.14201923032874,
    "stress_energy_joules": 12809.596,
    "stress_duration_s": 40.390724733,
    "gpu_name": "NVIDIA A100-SXM4-80GB",
    "notes": []
  },
  "contributor": "@gabrielnan"
}
