{
  "submission": "lwta_k2",
  "training_energy_J": 44582.984815150005,
  "training_duration_s": 237.14902369700002,
  "cpu_energy_J": 10030.720041672495,
  "total_energy_J": 54613.7048568225,
  "val_char_accuracy": 0.7145333333333334,
  "val_chars": 60000,
  "gpu_name": "NVIDIA A100 80GB PCIe",
  "date_utc": "2026-05-20T22:57:38Z",
  "_nvml": {
    "nvml_available": true,
    "energy_counter_supported": true,
    "monotonic": true,
    "idle_watts": 52.363366666666685,
    "stress_watts_avg": 227.75408348564008,
    "stress_energy_joules": 8575.362,
    "stress_duration_s": 37.651847417,
    "gpu_name": "NVIDIA A100 80GB PCIe",
    "notes": []
  },
  "contributor": "@ab-10"
}
