{
  "submission": "gpu_ngram_o14_xorfix",
  "training_energy_J": 3981.1039870000004,
  "training_duration_s": 109.11744026,
  "cpu_energy_J": 4621.207360232503,
  "total_energy_J": 8602.311347232502,
  "val_char_accuracy": 0.7184166666666667,
  "val_chars": 60000,
  "gpu_name": "NVIDIA A100 80GB PCIe",
  "date_utc": "2026-05-21T05:06:04Z",
  "_nvml": {
    "nvml_available": true,
    "energy_counter_supported": true,
    "monotonic": true,
    "idle_watts": 55.68680000000003,
    "stress_watts_avg": 236.68642874335322,
    "stress_energy_joules": 8655.791,
    "stress_duration_s": 36.570711071,
    "gpu_name": "NVIDIA A100 80GB PCIe",
    "notes": []
  },
  "contributor": "@gabrielnan"
}
