{
  "nvml_available": true,
  "energy_counter_supported": true,
  "monotonic": true,
  "idle_watts": 54.687067796610144,
  "stress_watts_avg": 316.95781038424167,
  "stress_energy_joules": 11674.125,
  "stress_duration_s": 36.831794697999996,
  "gpu_name": "NVIDIA A100-SXM4-40GB",
  "notes": []
}
