{
  "nvml_available": true,
  "energy_counter_supported": true,
  "monotonic": true,
  "idle_watts": 62.528466666666645,
  "stress_watts_avg": 314.39896502964626,
  "stress_energy_joules": 11935.199,
  "stress_duration_s": 37.961953847000004,
  "gpu_name": "NVIDIA A100-SXM4-80GB",
  "notes": []
}
