{
  "submission": "lwta_k4",
  "training_energy_J": 44328.7028316,
  "training_duration_s": 221.249343368,
  "cpu_energy_J": 9354.22259884751,
  "total_energy_J": 53682.92543044751,
  "val_char_accuracy": 0.72455,
  "val_chars": 60000,
  "gpu_name": "NVIDIA A100 80GB PCIe",
  "date_utc": "2026-05-20T22:55:41Z",
  "_nvml": {
    "nvml_available": true,
    "energy_counter_supported": true,
    "monotonic": true,
    "idle_watts": 53.112000000000016,
    "stress_watts_avg": 229.4340394814706,
    "stress_energy_joules": 8404.0,
    "stress_duration_s": 36.629263988,
    "gpu_name": "NVIDIA A100 80GB PCIe",
    "notes": []
  },
  "contributor": "@ab-10"
}
