{
  "submission": "subset_70_mkn",
  "training_energy_J": 1350.8209175499999,
  "training_duration_s": 26.514841649000005,
  "cpu_energy_J": 1123.5610902799988,
  "total_energy_J": 2474.3820078299987,
  "val_char_accuracy": 0.7031333333333334,
  "val_chars": 60000,
  "gpu_name": "NVIDIA A100 80GB PCIe",
  "date_utc": "2026-05-21T05:05:01Z",
  "_nvml": {
    "nvml_available": true,
    "energy_counter_supported": true,
    "monotonic": true,
    "idle_watts": 58.36485000000002,
    "stress_watts_avg": 233.1941013031682,
    "stress_energy_joules": 8767.363,
    "stress_duration_s": 37.596847223,
    "gpu_name": "NVIDIA A100 80GB PCIe",
    "notes": []
  },
  "contributor": "@exp-batch-iter4"
}
