{
  "n_bytes_evaluated": 1000448,
  "surprise_rates": {
    "tau_0.01": 0.04438711330294609,
    "tau_0.05": 0.17145918309688568,
    "tau_0.1": 0.26677948236465454,
    "tau_0.3": 0.45818573236465454,
    "tau_0.5": 0.560846745967865
  },
  "p_true_quantiles": {
    "q1": 0.001894641318358481,
    "q5": 0.0114225959405303,
    "q10": 0.02523965947329998,
    "q25": 0.08955670148134232,
    "q50": 0.3721497654914856,
    "q75": 0.8818176984786987,
    "q90": 0.9863760471343994,
    "q95": 0.9973074197769165,
    "q99": 0.99983149766922
  },
  "automatizer_accuracy_on_diag": 0.5674947500228882,
  "mean_p_true": 0.46255695819854736,
  "diagnostic_duration_s": 0.6886179349999964,
  "train_seconds_used": 60.012432329000006,
  "train_steps": 2183,
  "final_train_loss": 1.4809446334838867,
  "model_params": 462080,
  "model_arch": {
    "num_layers": 2,
    "model_dim": 128,
    "heads": 4,
    "seq_len": 512,
    "batch_size": 32
  },
  "verdict": "PASS",
  "_notes": "D1 PASS: p_s(0.1)=0.267 <= 0.50 and p_s(0.3)=0.458 <= 0.70. Proceed to Phase 1 with tau=0.1."
}
